[
  {
    "id": 1,
    "title": {
      "first": "Unique",
      "second": "brand Stories"
    },
    "content": "If you need to redesign your new project, new visual strategy, ux structure or you do have some cool ideas for collaboration.",
    "image": "/img/slid/01.jpg"
  },
  {
    "id": 2,
    "title": {
      "first": "Digital",
      "second": "Design Awards"
    },
    "content": "If you need to redesign your new project, new visual strategy, ux structure or you do have some cool ideas for collaboration.",
    "image": "/img/slid/03.jpg"
  },
  {
    "id": 3,
    "title": "Original Solutions",
    "content": "If you need to redesign your new project, new visual strategy, ux structure or you do have some cool ideas for collaboration.",
    "image": "/img/slid/02.jpg"
  }
]
