[
  {
    "id": 1,
    "image": "/img/portfolio/mas/01.jpg",
    "title": "Creativity Demand",
    "tags": ["Design", "WordPress"],
    "filterCategory": ["graphic"]
  },
  {
    "id": 2,
    "image": "/img/portfolio/mas/02.jpg",
    "title": "Through The Breaking",
    "tags": ["Design", "WordPress"],
    "filterCategory": ["web"]
  },
  {
    "id": 3,
    "image": "/img/portfolio/mas/03.jpg",
    "title": "Create With Creatives",
    "tags": ["Design", "WordPress"],
    "filterCategory": ["brand"]
  },
  {
    "id": 4,
    "image": "/img/portfolio/mas/04.jpg",
    "title": "Energies of Love",
    "tags": ["Design", "WordPress"],
    "filterCategory": ["graphic"]
  },
  {
    "id": 5,
    "image": "/img/portfolio/mas/05.jpg",
    "title": "See It Yourself",
    "tags": ["Design", "WordPress"],
    "filterCategory": ["web"]
  },
  {
    "id": 6,
    "image": "/img/portfolio/mas/06.jpg",
    "title": "Blast From The Past",
    "tags": ["Design", "WordPress"],
    "filterCategory": ["brand"]
  }
]
